<?xml version="1.0" encoding="UTF-8"?>
<project-private xmlns="http://www.netbeans.org/ns/project-private/1">
    <editor-bookmarks xmlns="http://www.netbeans.org/ns/editor-bookmarks/2" lastBookmarkId="0"/>
    <open-files xmlns="http://www.netbeans.org/ns/projectui-open-files/2">
        <group>
            <file>file:/Users/ritwikbanerjee/Dropbox/Fall2017/219/Spring2017_recitations/Recitation6/Recitation6/src/CounterTask.java</file>
            <file>file:/Users/ritwikbanerjee/Dropbox/Fall2017/219/Spring2017_recitations/Recitation6/Recitation6/src/StartHandler.java</file>
            <file>file:/Users/ritwikbanerjee/Dropbox/Fall2017/219/Spring2017_recitations/Recitation6/Recitation6/src/ThreadExample.java</file>
            <file>file:/Users/ritwikbanerjee/Dropbox/Fall2017/219/Spring2017_recitations/Recitation6/Recitation6/src/DateTask.java</file>
            <file>file:/Users/ritwikbanerjee/Dropbox/Fall2017/219/Spring2017_recitations/Recitation6/Recitation6/src/PauseHandler.java</file>
        </group>
    </open-files>
</project-private>
