
{
    "startHour":"00",
    "endHour":"24",
    "undergrad_tas":[
        {
            "name":"Abu Saeid",
            "email":"asm.abdulkader@stonybrook.edu"
        },
        {
            "name":"Bryan Robicheau",
            "email":"bryan.robicheau@stonybrook.edu"
        }
    ],
    "officeHours":[
        {
            "day":"TUESDAY",
            "time":"2_30pm",
            "name":"Richard McKenna"
        },
        {
            "day":"TUESDAY",
            "time":"3_00pm",
            "name":"Richard McKenna"
        },
        {
            "day":"THURSDAY",
            "time":"2_30pm",
            "name":"Richard McKenna"
        },
        {
            "day":"THURSDAY",
            "time":"3_00pm",
            "name":"Richard McKenna"
        },
        {
            "day":"TUESDAY",
            "time":"0_00am",
            "name":"Bryan Robicheau"
        },
        {
            "day":"TUESDAY",
            "time":"3_30pm",
            "name":"Bryan Robicheau"
        },
        {
            "day":"TUESDAY",
            "time":"4_00pm",
            "name":"Bryan Robicheau"
        },
        {
            "day":"TUESDAY",
            "time":"4_30pm",
            "name":"Bryan Robicheau"
        },
        {
            "day":"TUESDAY",
            "time":"5_00pm",
            "name":"Bryan Robicheau"
        },
        {
            "day":"TUESDAY",
            "time":"3_30pm",
            "name":"Abu Saeid"
        },
        {
            "day":"TUESDAY",
            "time":"4_00pm",
            "name":"Abu Saeid"
        },
        {
            "day":"TUESDAY",
            "time":"4_30pm",
            "name":"Abu Saeid"
        },
        {
            "day":"TUESDAY",
            "time":"5_00pm",
            "name":"Abu Saeid"
        },
        {
            "day":"THURSDAY",
            "time":"3_30pm",
            "name":"Bryan Robicheau"
        },
        {
            "day":"THURSDAY",
            "time":"4_00pm",
            "name":"Bryan Robicheau"
        },
        {
            "day":"THURSDAY",
            "time":"4_30pm",
            "name":"Bryan Robicheau"
        },
        {
            "day":"THURSDAY",
            "time":"5_00pm",
            "name":"Bryan Robicheau"
        },
        {
            "day":"THURSDAY",
            "time":"3_30pm",
            "name":"Abu Saeid"
        },
        {
            "day":"THURSDAY",
            "time":"4_00pm",
            "name":"Abu Saeid"
        },
        {
            "day":"THURSDAY",
            "time":"4_30pm",
            "name":"Abu Saeid"
        },
        {
            "day":"THURSDAY",
            "time":"5_00pm",
            "name":"Abu Saeid"
        }
    ]
}